Simulation,Nombre de faillites,Poids total
1,9891,50000000.0
2,9887,75000000.0
3,9879,112500000.0
4,9865,168750000.0
5,9850,253125000.0
6,9820,379687500.0
7,9773,569531250.0
8,9687,854296875.0
9,9524,1281445312.5
10,9194,1922167968.75
11,8373,2883251953.125
12,6805,4324877929.6875
13,3979,6487316894.53125
14,881,9730975341.796875
15,155,14596463012.695312
16,1,21894694519.04297
17,0,32842041778.564453
18,0,49263062667.84668
19,0,73894594001.77002
20,0,110841891002.65503
