Simulation,Nombre de faillites,Poids total
1,10000,50000000.0
2,10000,75000000.0
3,9996,112500000.0
4,9985,168750000.0
5,9971,253125000.0
6,9944,379687500.0
7,9905,569531250.0
8,9821,854296875.0
9,9704,1281445312.5
10,9557,1922167968.75
11,9361,2883251953.125
12,9100,4324877929.6875
13,8802,6487316894.53125
14,8355,9730975341.796875
15,7738,14596463012.695312
16,6919,21894694519.04297
17,5577,32842041778.564453
18,3159,49263062667.84668
19,0,73894594001.77002
20,0,110841891002.65503
