Simulation,Nombre de faillites,Poids total
1,10000,50000000.0
2,10000,75000000.0
3,10000,112500000.0
4,10000,168750000.0
5,9997,253125000.0
6,9996,379687500.0
7,9994,569531250.0
8,9979,854296875.0
9,9920,1281445312.5
10,9697,1922167968.75
11,8823,2883251953.125
12,6851,4324877929.6875
13,4849,6487316894.53125
14,2826,9730975341.796875
15,945,14596463012.695312
16,2,21894694519.04297
17,0,32842041778.564453
18,0,49263062667.84668
19,0,73894594001.77002
20,0,110841891002.65503
