Simulation,Nombre de faillites,Poids total
1,9998,50000000.0
2,9998,75000000.0
3,9998,112500000.0
4,9998,168750000.0
5,9995,253125000.0
6,9990,379687500.0
7,9988,569531250.0
8,9974,854296875.0
9,9939,1281445312.5
10,9840,1922167968.75
11,9708,2883251953.125
12,9540,4324877929.6875
13,9360,6487316894.53125
14,9154,9730975341.796875
15,8938,14596463012.695312
16,8635,21894694519.04297
17,8201,32842041778.564453
18,7649,49263062667.84668
19,6918,73894594001.77002
20,6001,110841891002.65503
