Simulation,Nombre de faillites,Poids total
1,9999,50000000.0
2,9998,75000000.0
3,9996,112500000.0
4,9991,168750000.0
5,9982,253125000.0
6,9967,379687500.0
7,9933,569531250.0
8,9875,854296875.0
9,9734,1281445312.5
10,9275,1922167968.75
11,8073,2883251953.125
12,5877,4324877929.6875
13,2679,6487316894.53125
14,0,9730975341.796875
15,0,14596463012.695312
16,0,21894694519.04297
17,0,32842041778.564453
18,0,49263062667.84668
19,0,73894594001.77002
20,0,110841891002.65503
