Simulation,Nombre de faillites,Poids total
1,9996,50000000.0
2,9994,75000000.0
3,9994,112500000.0
4,9989,168750000.0
5,9979,253125000.0
6,9957,379687500.0
7,9913,569531250.0
8,9839,854296875.0
9,9669,1281445312.5
10,9247,1922167968.75
11,8296,2883251953.125
12,6412,4324877929.6875
13,3138,6487316894.53125
14,2,9730975341.796875
15,0,14596463012.695312
16,0,21894694519.04297
17,0,32842041778.564453
18,0,49263062667.84668
19,0,73894594001.77002
20,0,110841891002.65503
