Simulation,Nombre de faillites,Poids total
1,9893,50000000.0
2,9889,75000000.0
3,9886,112500000.0
4,9874,168750000.0
5,9857,253125000.0
6,9829,379687500.0
7,9791,569531250.0
8,9719,854296875.0
9,9591,1281445312.5
10,9392,1922167968.75
11,8893,2883251953.125
12,7783,4324877929.6875
13,5792,6487316894.53125
14,2321,9730975341.796875
15,393,14596463012.695312
16,19,21894694519.04297
17,0,32842041778.564453
18,0,49263062667.84668
19,0,73894594001.77002
20,0,110841891002.65503
