Simulation,Nombre de faillites,Poids total
1,9999,50000000.0
2,9999,75000000.0
3,9999,112500000.0
4,9995,168750000.0
5,9982,253125000.0
6,9966,379687500.0
7,9937,569531250.0
8,9875,854296875.0
9,9711,1281445312.5
10,9285,1922167968.75
11,8308,2883251953.125
12,6713,4324877929.6875
13,4818,6487316894.53125
14,2788,9730975341.796875
15,956,14596463012.695312
16,3,21894694519.04297
17,0,32842041778.564453
18,0,49263062667.84668
19,0,73894594001.77002
20,0,110841891002.65503
