Simulation,Nombre de faillites,Poids total
1,10000,50000000.0
2,10000,75000000.0
3,10000,112500000.0
4,9998,168750000.0
5,9998,253125000.0
6,9993,379687500.0
7,9985,569531250.0
8,9950,854296875.0
9,9857,1281445312.5
10,9588,1922167968.75
11,8972,2883251953.125
12,7804,4324877929.6875
13,6234,6487316894.53125
14,4083,9730975341.796875
15,1570,14596463012.695312
16,4,21894694519.04297
17,0,32842041778.564453
18,0,49263062667.84668
19,0,73894594001.77002
20,0,110841891002.65503
