Simulation,Nombre de faillites,Poids total
1,9988,50000000.0
2,9983,75000000.0
3,9968,112500000.0
4,9952,168750000.0
5,9930,253125000.0
6,9881,379687500.0
7,9819,569531250.0
8,9734,854296875.0
9,9605,1281445312.5
10,9449,1922167968.75
11,9257,2883251953.125
12,9011,4324877929.6875
13,8741,6487316894.53125
14,8425,9730975341.796875
15,8066,14596463012.695312
16,7502,21894694519.04297
17,6640,32842041778.564453
18,4916,49263062667.84668
19,0,73894594001.77002
20,0,110841891002.65503
