Simulation,Nombre de faillites,Poids total
1,9889,50000000.0
2,9887,75000000.0
3,9877,112500000.0
4,9863,168750000.0
5,9851,253125000.0
6,9826,379687500.0
7,9788,569531250.0
8,9723,854296875.0
9,9588,1281445312.5
10,9359,1922167968.75
11,8773,2883251953.125
12,7479,4324877929.6875
13,5060,6487316894.53125
14,1419,9730975341.796875
15,200,14596463012.695312
16,5,21894694519.04297
17,0,32842041778.564453
18,0,49263062667.84668
19,0,73894594001.77002
20,0,110841891002.65503
