Simulation,Nombre de faillites,Poids total
1,9892,50000000.0
2,9890,75000000.0
3,9883,112500000.0
4,9871,168750000.0
5,9849,253125000.0
6,9823,379687500.0
7,9781,569531250.0
8,9723,854296875.0
9,9602,1281445312.5
10,9358,1922167968.75
11,8797,2883251953.125
12,7466,4324877929.6875
13,4919,6487316894.53125
14,1209,9730975341.796875
15,132,14596463012.695312
16,3,21894694519.04297
17,0,32842041778.564453
18,0,49263062667.84668
19,0,73894594001.77002
20,0,110841891002.65503
