Simulation,Nombre de faillites,Poids total
1,9897,50000000.0
2,9897,75000000.0
3,9897,112500000.0
4,9896,168750000.0
5,9894,253125000.0
6,9893,379687500.0
7,9890,569531250.0
8,9884,854296875.0
9,9867,1281445312.5
10,9819,1922167968.75
11,9389,2883251953.125
12,7836,4324877929.6875
13,6117,6487316894.53125
14,4269,9730975341.796875
15,2405,14596463012.695312
16,758,21894694519.04297
17,53,32842041778.564453
18,1,49263062667.84668
19,0,73894594001.77002
20,0,110841891002.65503
