Simulation,Nombre de faillites,Poids total
1,9988,50000000.0
2,9983,75000000.0
3,9978,112500000.0
4,9961,168750000.0
5,9935,253125000.0
6,9912,379687500.0
7,9859,569531250.0
8,9734,854296875.0
9,9532,1281445312.5
10,9185,1922167968.75
11,8438,2883251953.125
12,6937,4324877929.6875
13,4401,6487316894.53125
14,23,9730975341.796875
15,2,14596463012.695312
16,1,21894694519.04297
17,0,32842041778.564453
18,0,49263062667.84668
19,0,73894594001.77002
20,0,110841891002.65503
