Simulation,Nombre de faillites,Poids total
1,10000,50000000.0
2,10000,75000000.0
3,10000,112500000.0
4,10000,168750000.0
5,10000,253125000.0
6,10000,379687500.0
7,10000,569531250.0
8,9999,854296875.0
9,9997,1281445312.5
10,9997,1922167968.75
11,9743,2883251953.125
12,8463,4324877929.6875
13,7746,6487316894.53125
14,7031,9730975341.796875
15,6240,14596463012.695312
16,5375,21894694519.04297
17,4326,32842041778.564453
18,2719,49263062667.84668
19,0,73894594001.77002
20,0,110841891002.65503
