Simulation,Nombre de faillites,Poids total
1,9884,50000000.0
2,9875,75000000.0
3,9865,112500000.0
4,9843,168750000.0
5,9814,253125000.0
6,9771,379687500.0
7,9710,569531250.0
8,9602,854296875.0
9,9418,1281445312.5
10,9110,1922167968.75
11,8541,2883251953.125
12,7751,4324877929.6875
13,6393,6487316894.53125
14,3340,9730975341.796875
15,200,14596463012.695312
16,4,21894694519.04297
17,0,32842041778.564453
18,0,49263062667.84668
19,0,73894594001.77002
20,0,110841891002.65503
