Simulation,Nombre de faillites,Poids total
1,9983,50000000.0
2,9970,75000000.0
3,9961,112500000.0
4,9943,168750000.0
5,9906,253125000.0
6,9843,379687500.0
7,9740,569531250.0
8,9570,854296875.0
9,9321,1281445312.5
10,8885,1922167968.75
11,8052,2883251953.125
12,6828,4324877929.6875
13,4761,6487316894.53125
14,1454,9730975341.796875
15,1,14596463012.695312
16,0,21894694519.04297
17,0,32842041778.564453
18,0,49263062667.84668
19,0,73894594001.77002
20,0,110841891002.65503
