Simulation,Nombre de faillites,Poids total
1,9898,50000000.0
2,9898,75000000.0
3,9898,112500000.0
4,9897,168750000.0
5,9895,253125000.0
6,9891,379687500.0
7,9884,569531250.0
8,9861,854296875.0
9,9795,1281445312.5
10,9564,1922167968.75
11,8861,2883251953.125
12,7524,4324877929.6875
13,5884,6487316894.53125
14,3992,9730975341.796875
15,2018,14596463012.695312
16,454,21894694519.04297
17,0,32842041778.564453
18,0,49263062667.84668
19,0,73894594001.77002
20,0,110841891002.65503
