Simulation,Nombre de faillites,Poids total
1,9898,50000000.0
2,9898,75000000.0
3,9898,112500000.0
4,9895,168750000.0
5,9893,253125000.0
6,9892,379687500.0
7,9889,569531250.0
8,9884,854296875.0
9,9878,1281445312.5
10,9857,1922167968.75
11,9429,2883251953.125
12,7868,4324877929.6875
13,5831,6487316894.53125
14,3878,9730975341.796875
15,2150,14596463012.695312
16,707,21894694519.04297
17,52,32842041778.564453
18,1,49263062667.84668
19,0,73894594001.77002
20,0,110841891002.65503
