Simulation,Nombre de faillites,Poids total
1,9999,50000000.0
2,9999,75000000.0
3,9999,112500000.0
4,9996,168750000.0
5,9991,253125000.0
6,9988,379687500.0
7,9982,569531250.0
8,9977,854296875.0
9,9963,1281445312.5
10,9853,1922167968.75
11,9596,2883251953.125
12,9307,4324877929.6875
13,8936,6487316894.53125
14,8447,9730975341.796875
15,7885,14596463012.695312
16,7151,21894694519.04297
17,6302,32842041778.564453
18,5275,49263062667.84668
19,4162,73894594001.77002
20,3035,110841891002.65503
