Simulation,Nombre de faillites,Poids total
1,9897,50000000.0
2,9897,75000000.0
3,9897,112500000.0
4,9894,168750000.0
5,9889,253125000.0
6,9888,379687500.0
7,9874,569531250.0
8,9848,854296875.0
9,9775,1281445312.5
10,9527,1922167968.75
11,8827,2883251953.125
12,7504,4324877929.6875
13,5828,6487316894.53125
14,4099,9730975341.796875
15,2253,14596463012.695312
16,686,21894694519.04297
17,51,32842041778.564453
18,1,49263062667.84668
19,0,73894594001.77002
20,0,110841891002.65503
