Simulation,Nombre de faillites,Poids total
1,9898,50000000.0
2,9898,75000000.0
3,9898,112500000.0
4,9895,168750000.0
5,9891,253125000.0
6,9889,379687500.0
7,9886,569531250.0
8,9875,854296875.0
9,9853,1281445312.5
10,9779,1922167968.75
11,9421,2883251953.125
12,8398,4324877929.6875
13,7132,6487316894.53125
14,5397,9730975341.796875
15,3130,14596463012.695312
16,918,21894694519.04297
17,55,32842041778.564453
18,1,49263062667.84668
19,0,73894594001.77002
20,0,110841891002.65503
