Simulation,Nombre de faillites,Poids total
1,9895,50000000.0
2,9894,75000000.0
3,9892,112500000.0
4,9882,168750000.0
5,9872,253125000.0
6,9847,379687500.0
7,9822,569531250.0
8,9778,854296875.0
9,9661,1281445312.5
10,9364,1922167968.75
11,8614,2883251953.125
12,7041,4324877929.6875
13,4207,6487316894.53125
14,946,9730975341.796875
15,106,14596463012.695312
16,3,21894694519.04297
17,0,32842041778.564453
18,0,49263062667.84668
19,0,73894594001.77002
20,0,110841891002.65503
