Simulation,Nombre de faillites,Poids total
1,9998,50000000.0
2,9998,75000000.0
3,9997,112500000.0
4,9993,168750000.0
5,9986,253125000.0
6,9979,379687500.0
7,9960,569531250.0
8,9932,854296875.0
9,9871,1281445312.5
10,9784,1922167968.75
11,9568,2883251953.125
12,9221,4324877929.6875
13,8661,6487316894.53125
14,7992,9730975341.796875
15,7319,14596463012.695312
16,6521,21894694519.04297
17,5498,32842041778.564453
18,4220,49263062667.84668
19,50,73894594001.77002
20,5,110841891002.65503
