Simulation,Nombre de faillites,Poids total
1,9995,50000000.0
2,9994,75000000.0
3,9992,112500000.0
4,9989,168750000.0
5,9985,253125000.0
6,9981,379687500.0
7,9960,569531250.0
8,9937,854296875.0
9,9845,1281445312.5
10,9611,1922167968.75
11,8735,2883251953.125
12,6894,4324877929.6875
13,4879,6487316894.53125
14,2974,9730975341.796875
15,1235,14596463012.695312
16,129,21894694519.04297
17,1,32842041778.564453
18,0,49263062667.84668
19,0,73894594001.77002
20,0,110841891002.65503
